Sample Rate (Hz),6400
Sample Index,Time (s),ADC Value
0,0.000000,2823
1,0.000156,2312
2,0.000313,2311
3,0.000469,1800
4,0.000625,775
5,0.000781,775
6,0.000937,2056
7,0.001094,3335
8,0.001250,2823
9,0.001406,2311
10,0.001563,1288
11,0.001719,1287
12,0.001875,1031
13,0.002031,3335
14,0.002188,3848
15,0.002344,3334
16,0.002500,3335
17,0.002656,1287
18,0.002812,2823
19,0.002969,1287
20,0.003125,3335
21,0.003281,1288
22,0.003438,1032
23,0.003594,3079
24,0.003750,1800
25,0.003906,1800
26,0.004063,2824
27,0.004219,2312
28,0.004375,1287
29,0.004531,2311
30,0.004687,1288
31,0.004844,519
32,0.005000,2311
33,0.005156,3336
34,0.005313,2311
35,0.005469,2567
36,0.005625,1288
37,0.005781,1287
38,0.005938,1287
39,0.006094,2311
40,0.006250,1799
41,0.006406,3336
42,0.006562,2312
43,0.006719,3335
44,0.006875,1032
45,0.007031,3335
46,0.007188,3336
47,0.007344,3335
48,0.007500,2311
49,0.007656,2311
50,0.007812,2311
51,0.007969,2312
52,0.008125,2311
53,0.008281,2312
54,0.008438,2312
55,0.008594,1031
56,0.008750,3079
57,0.008906,2823
58,0.009062,776
59,0.009219,2055
60,0.009375,3080
61,0.009531,1287
62,0.009687,3079
63,0.009844,3336
64,0.010000,2823
65,0.010156,1287
66,0.010313,1287
67,0.010469,2311
68,0.010625,2824
69,0.010781,1031
70,0.010937,775
71,0.011094,1031
72,0.011250,3848
73,0.011406,3336
74,0.011562,2311
75,0.011719,3847
76,0.011875,1287
77,0.012031,1287
78,0.012188,3848
79,0.012344,1799
80,0.012500,2311
81,0.012656,3591
82,0.012812,775
83,0.012969,265
84,0.013125,3848
85,0.013281,3080
86,0.013437,2823
87,0.013594,2311
88,0.013750,2823
89,0.013906,1799
90,0.014063,1031
91,0.014219,3335
92,0.014375,2312
93,0.014531,1287
94,0.014687,3079
95,0.014844,3335
96,0.015000,1031
97,0.015156,775
98,0.015312,1031
99,0.015469,3079
100,0.015625,3847
101,0.015781,1288
102,0.015938,3335
103,0.016094,3847
104,0.016250,775
105,0.016406,2823
106,0.016563,2311
107,0.016719,3080
108,0.016875,1799
109,0.017031,2055
110,0.017188,2312
111,0.017344,1287
112,0.017500,3846
113,0.017656,2055
114,0.017812,2055
115,0.017969,3847
116,0.018125,1031
117,0.018281,1287
118,0.018437,1287
119,0.018594,1288
120,0.018750,1288
121,0.018906,1800
122,0.019062,2311
123,0.019219,1288
124,0.019375,3334
125,0.019531,1800
126,0.019688,2312
127,0.019844,1799
128,0.020000,1543
129,0.020156,1287
130,0.020313,1799
131,0.020469,2312
132,0.020625,2055
133,0.020781,1031
134,0.020938,2056
135,0.021094,2823
136,0.021250,2056
137,0.021406,3336
138,0.021562,3080
139,0.021719,1031
140,0.021875,2055
141,0.022031,776
142,0.022187,1287
143,0.022344,3336
144,0.022500,2055
145,0.022656,2055
146,0.022812,2055
147,0.022969,1287
148,0.023125,3592
149,0.023281,2823
150,0.023438,3080
151,0.023594,775
152,0.023750,775
153,0.023906,1031
154,0.024063,3848
155,0.024219,2312
156,0.024375,1031
157,0.024531,3336
158,0.024688,2312
159,0.024844,2312
160,0.025000,1287
161,0.025156,2056
162,0.025313,1032
163,0.025469,2311
164,0.025625,3591
165,0.025781,1288
166,0.025937,1800
167,0.026094,2824
168,0.026250,3335
169,0.026406,2567
170,0.026562,2055
171,0.026719,1799
172,0.026875,3336
173,0.027031,2823
174,0.027187,1287
175,0.027344,2312
176,0.027500,3080
177,0.027656,3591
178,0.027813,3335
179,0.027969,3335
180,0.028125,2055
181,0.028281,1287
182,0.028438,3079
183,0.028594,2312
184,0.028750,775
185,0.028906,2823
186,0.029063,2312
187,0.029219,2311
188,0.029375,1799
189,0.029531,2823
190,0.029687,2823
191,0.029844,1288
192,0.030000,3336
193,0.030156,3336
194,0.030312,3848
195,0.030469,2055
196,0.030625,2311
197,0.030781,2312
198,0.030937,1288
199,0.031094,2312
200,0.031250,1288
201,0.031406,2567
202,0.031563,774
203,0.031719,3335
204,0.031875,3335
205,0.032031,264
206,0.032188,2311
207,0.032344,776
208,0.032500,1799
209,0.032656,2311
210,0.032813,3079
211,0.032969,775
212,0.033125,3335
213,0.033281,1800
214,0.033438,3336
215,0.033594,1799
216,0.033750,1287
217,0.033906,2311
218,0.034063,1287
219,0.034219,2311
220,0.034375,2311
221,0.034531,3335
222,0.034688,1287
223,0.034844,775
224,0.035000,1288
225,0.035156,1799
226,0.035312,2823
227,0.035469,2312
228,0.035625,1031
229,0.035781,2056
230,0.035937,2055
231,0.036094,2312
232,0.036250,1800
233,0.036406,3336
234,0.036562,1288
235,0.036719,2824
236,0.036875,3591
237,0.037031,1287
238,0.037187,3847
239,0.037344,1799
240,0.037500,3335
241,0.037656,1031
242,0.037812,2055
243,0.037969,1032
244,0.038125,776
245,0.038281,1031
246,0.038437,1288
247,0.038594,263
248,0.038750,1543
249,0.038906,3335
250,0.039062,1799
251,0.039219,1287
252,0.039375,2312
253,0.039531,1287
254,0.039688,2311
255,0.039844,1288
256,0.040000,2055
257,0.040156,1799
258,0.040313,1799
259,0.040469,2567
260,0.040625,3335
261,0.040781,1799
262,0.040938,3336
263,0.041094,2055
264,0.041250,2823
265,0.041406,1287
266,0.041563,775
267,0.041719,2823
268,0.041875,1031
269,0.042031,2823
270,0.042188,3080
271,0.042344,1031
272,0.042500,2311
273,0.042656,3078
274,0.042813,2056
275,0.042969,775
276,0.043125,2824
277,0.043281,1287
278,0.043437,3336
279,0.043594,2056
280,0.043750,3335
281,0.043906,3079
282,0.044062,2823
283,0.044219,776
284,0.044375,3079
285,0.044531,2311
286,0.044687,2824
287,0.044844,3336
288,0.045000,3079
289,0.045156,3079
290,0.045312,1287
291,0.045469,2310
292,0.045625,3079
293,0.045781,2056
294,0.045937,2824
295,0.046094,3848
296,0.046250,3848
297,0.046406,776
298,0.046562,1799
299,0.046719,3079
300,0.046875,2823
301,0.047031,2311
302,0.047188,2311
303,0.047344,2056
304,0.047500,3846
305,0.047656,264
306,0.047813,1288
307,0.047969,2055
308,0.048125,2311
309,0.048281,3336
310,0.048438,3079
311,0.048594,2311
312,0.048750,2824
313,0.048906,1544
314,0.049063,3335
315,0.049219,1031
316,0.049375,3336
317,0.049531,1799
318,0.049688,2310
319,0.049844,3079
320,0.050000,1288
321,0.050156,1800
322,0.050313,1287
323,0.050469,1031
324,0.050625,1799
325,0.050781,1031
326,0.050937,2055
327,0.051094,1287
328,0.051250,2311
329,0.051406,2311
330,0.051562,1032
331,0.051719,1287
332,0.051875,3335
333,0.052031,3080
334,0.052187,1798
335,0.052344,2824
336,0.052500,1031
337,0.052656,2823
338,0.052812,3591
339,0.052969,2823
340,0.053125,2567
341,0.053281,3336
342,0.053437,3847
343,0.053594,2822
344,0.053750,2824
345,0.053906,2311
346,0.054062,775
347,0.054219,3848
348,0.054375,519
349,0.054531,2312
350,0.054688,1287
351,0.054844,263
352,0.055000,2823
353,0.055156,2312
354,0.055313,2823
355,0.055469,3848
356,0.055625,2822
357,0.055781,1286
358,0.055938,2055
359,0.056094,3335
360,0.056250,3336
361,0.056406,3079
362,0.056563,3336
363,0.056719,2054
364,0.056875,3336
365,0.057031,3847
366,0.057188,1800
367,0.057344,1031
368,0.057500,3335
369,0.057656,3847
370,0.057813,3336
371,0.057969,1031
372,0.058125,3079
373,0.058281,3336
374,0.058438,3334
375,0.058594,1800
376,0.058750,2312
377,0.058906,3847
378,0.059062,2824
379,0.059219,2823
380,0.059375,3335
381,0.059531,2567
382,0.059687,775
383,0.059844,2311
384,0.060000,1543
385,0.060156,2824
386,0.060312,2824
387,0.060469,1800
388,0.060625,2055
389,0.060781,3336
390,0.060937,3335
391,0.061094,1799
392,0.061250,1799
393,0.061406,3592
394,0.061562,2823
395,0.061719,3592
396,0.061875,2311
397,0.062031,775
398,0.062187,3335
399,0.062344,3079
400,0.062500,1288
401,0.062656,1543
402,0.062812,2055
403,0.062969,3335
404,0.063125,3335
405,0.063281,2312
406,0.063437,1031
407,0.063594,2312
408,0.063750,3335
409,0.063906,3335
410,0.064062,1032
411,0.064219,2823
412,0.064375,1544
413,0.064531,2823
414,0.064687,1543
415,0.064844,1288
416,0.065000,3336
417,0.065156,2823
418,0.065312,2312
419,0.065469,3336
420,0.065625,2567
421,0.065781,1799
422,0.065937,1031
423,0.066094,1287
424,0.066250,775
425,0.066406,1288
426,0.066562,1287
427,0.066719,2054
428,0.066875,3336
429,0.067031,2311
430,0.067187,1287
431,0.067344,1031
432,0.067500,2311
433,0.067656,775
434,0.067812,3848
435,0.067969,1288
436,0.068125,2823
437,0.068281,3335
438,0.068437,1288
439,0.068594,1031
440,0.068750,3335
441,0.068906,3079
442,0.069062,2312
443,0.069219,2312
444,0.069375,1800
445,0.069531,3335
446,0.069687,3848
447,0.069844,1287
448,0.070000,2056
449,0.070156,3080
450,0.070312,1287
451,0.070469,3847
452,0.070625,3335
453,0.070781,2055
454,0.070938,3335
455,0.071094,3335
456,0.071250,2311
457,0.071406,3336
458,0.071563,2311
459,0.071719,3335
460,0.071875,3080
461,0.072031,2823
462,0.072188,776
463,0.072344,1287
464,0.072500,1288
465,0.072656,2055
466,0.072813,776
467,0.072969,2056
468,0.073125,1031
469,0.073281,776
470,0.073438,1287
471,0.073594,3335
472,0.073750,1287
473,0.073906,1287
474,0.074063,3334
475,0.074219,1287
476,0.074375,3592
477,0.074531,1800
478,0.074688,2311
479,0.074844,2823
480,0.075000,1288
481,0.075156,3336
482,0.075313,3848
483,0.075469,3335
484,0.075625,2823
485,0.075781,3079
486,0.075938,3848
487,0.076094,1287
488,0.076250,3335
489,0.076406,3079
490,0.076563,2823
491,0.076719,2055
492,0.076875,1287
493,0.077031,1799
494,0.077188,3336
495,0.077344,1032
496,0.077500,2311
497,0.077656,776
498,0.077813,3335
499,0.077969,1799
500,0.078125,775
501,0.078281,2823
502,0.078437,2823
503,0.078594,3335
504,0.078750,3336
505,0.078906,2823
506,0.079062,3079
507,0.079219,1287
508,0.079375,2312
509,0.079531,2824
510,0.079687,775
511,0.079844,1287
512,0.080000,1031
513,0.080156,1288
514,0.080312,2312
515,0.080469,2312
516,0.080625,2055
517,0.080781,2312
518,0.080937,775
519,0.081094,1544
520,0.081250,3335
521,0.081406,3591
522,0.081562,1031
523,0.081719,2311
524,0.081875,3079
525,0.082031,2823
526,0.082187,3079
527,0.082344,1031
528,0.082500,3336
529,0.082656,2055
530,0.082812,1030
531,0.082969,3079
532,0.083125,775
533,0.083281,3336
534,0.083437,2311
535,0.083594,1288
536,0.083750,1286
537,0.083906,1287
538,0.084062,3336
539,0.084219,2823
540,0.084375,1032
541,0.084531,776
542,0.084687,3335
543,0.084844,2823
544,0.085000,1288
545,0.085156,2055
546,0.085312,3846
547,0.085469,2312
548,0.085625,3848
549,0.085781,775
550,0.085938,3336
551,0.086094,1288
552,0.086250,1032
553,0.086406,1799
554,0.086563,1288
555,0.086719,1288
556,0.086875,3080
557,0.087031,2311
558,0.087188,1032
559,0.087344,3335
560,0.087500,3336
561,0.087656,1288
562,0.087813,2824
563,0.087969,1288
564,0.088125,2568
565,0.088281,2055
566,0.088438,2056
567,0.088594,2056
568,0.088750,2055
569,0.088906,1544
570,0.089063,2311
571,0.089219,3079
572,0.089375,2056
573,0.089531,3336
574,0.089688,3336
575,0.089844,3335
576,0.090000,775
577,0.090156,2056
578,0.090313,1288
579,0.090469,1800
580,0.090625,3847
581,0.090781,3079
582,0.090938,2312
583,0.091094,1032
584,0.091250,2312
585,0.091406,2311
586,0.091563,3080
587,0.091719,775
588,0.091875,2312
589,0.092031,3336
590,0.092188,2312
591,0.092344,776
592,0.092500,3335
593,0.092656,3335
594,0.092813,2056
595,0.092969,3847
596,0.093125,2056
597,0.093281,2311
598,0.093438,3335
599,0.093594,1799
600,0.093750,1800
601,0.093906,2312
602,0.094062,2312
603,0.094219,1287
604,0.094375,3335
605,0.094531,2311
606,0.094687,2311
607,0.094844,1288
608,0.095000,3336
609,0.095156,2055
610,0.095312,3335
611,0.095469,3079
612,0.095625,2824
613,0.095781,3079
614,0.095937,1286
615,0.096094,1288
616,0.096250,3335
617,0.096406,2312
618,0.096562,1287
619,0.096719,2055
620,0.096875,2311
621,0.097031,3079
622,0.097187,774
623,0.097344,1799
624,0.097500,262
625,0.097656,2312
626,0.097812,1287
627,0.097969,2311
628,0.098125,3079
629,0.098281,3336
630,0.098437,263
631,0.098594,2311
632,0.098750,1287
633,0.098906,1031
634,0.099062,2311
635,0.099219,2824
636,0.099375,1543
637,0.099531,1287
638,0.099687,1287
639,0.099844,3336
640,0.100000,2824
641,0.100156,776
642,0.100312,2823
643,0.100469,1288
644,0.100625,3335
645,0.100781,3336
646,0.100937,2311
647,0.101094,3335
648,0.101250,2824
649,0.101406,2311
650,0.101562,1031
651,0.101719,2312
652,0.101875,1287
653,0.102031,2824
654,0.102188,1544
655,0.102344,2056
656,0.102500,1799
657,0.102656,776
658,0.102813,3079
659,0.102969,1031
660,0.103125,1288
661,0.103281,3080
662,0.103438,262
663,0.103594,2311
664,0.103750,3079
665,0.103906,3848
666,0.104063,3079
667,0.104219,2311
668,0.104375,2823
669,0.104531,1288
670,0.104688,3335
671,0.104844,2824
672,0.105000,775
673,0.105156,2311
674,0.105313,1288
675,0.105469,3079
676,0.105625,3335
677,0.105781,2055
678,0.105938,3847
679,0.106094,3335
680,0.106250,775
681,0.106406,1800
682,0.106563,1287
683,0.106719,2055
684,0.106875,3336
685,0.107031,2823
686,0.107188,1288
687,0.107344,1544
688,0.107500,3335
689,0.107656,1799
690,0.107813,3847
691,0.107969,775
692,0.108125,2311
693,0.108281,3335
694,0.108438,1287
695,0.108594,2312
696,0.108750,2311
697,0.108906,1800
698,0.109063,3848
699,0.109219,775
700,0.109375,3848
701,0.109531,1031
702,0.109687,2822
703,0.109844,1799
704,0.110000,2311
705,0.110156,3336
706,0.110312,2311
707,0.110469,2311
708,0.110625,2312
709,0.110781,2311
710,0.110937,1799
711,0.111094,1031
712,0.111250,775
713,0.111406,776
714,0.111562,3335
715,0.111719,2823
716,0.111875,2310
717,0.112031,3336
718,0.112187,2311
719,0.112344,3079
720,0.112500,3335
721,0.112656,775
722,0.112812,1287
723,0.112969,1288
724,0.113125,1287
725,0.113281,3847
726,0.113437,1287
727,0.113594,3080
728,0.113750,2056
729,0.113906,2311
730,0.114062,2056
731,0.114219,2312
732,0.114375,1031
733,0.114531,2056
734,0.114687,3335
735,0.114844,775
736,0.115000,3336
737,0.115156,3847
738,0.115312,2312
739,0.115469,2823
740,0.115625,3335
741,0.115781,3336
742,0.115937,3335
743,0.116094,776
744,0.116250,2312
745,0.116406,2312
746,0.116562,2311
747,0.116719,2056
748,0.116875,2055
749,0.117031,775
750,0.117188,775
751,0.117344,1799
752,0.117500,1800
753,0.117656,2311
754,0.117813,1287
755,0.117969,1287
756,0.118125,3335
757,0.118281,2055
758,0.118438,2312
759,0.118594,3335
760,0.118750,1288
761,0.118906,3335
762,0.119063,3336
763,0.119219,3335
764,0.119375,2055
765,0.119531,1288
766,0.119688,1030
767,0.119844,3336
768,0.120000,2567
769,0.120156,3335
770,0.120313,3335
771,0.120469,3335
772,0.120625,3080
773,0.120781,3080
774,0.120938,1288
775,0.121094,2823
776,0.121250,1799
777,0.121406,3335
778,0.121563,2056
779,0.121719,2311
780,0.121875,3335
781,0.122031,2311
782,0.122188,2824
783,0.122344,1288
784,0.122500,3847
785,0.122656,775
786,0.122813,2823
787,0.122969,1287
788,0.123125,1287
789,0.123281,1032
790,0.123438,3336
791,0.123594,2311
792,0.123750,1287
793,0.123906,1799
794,0.124063,2311
795,0.124219,2311
796,0.124375,2311
797,0.124531,2311
798,0.124688,2055
799,0.124844,2312
800,0.125000,1287
801,0.125156,3847
802,0.125312,1799
803,0.125469,3336
804,0.125625,1031
805,0.125781,2312
806,0.125938,3335
807,0.126094,3335
808,0.126250,2311
809,0.126406,1031
810,0.126562,2311
811,0.126719,1288
812,0.126875,2824
813,0.127031,3079
814,0.127188,2312
815,0.127344,2311
816,0.127500,3335
817,0.127656,2568
818,0.127812,2056
819,0.127969,3335
820,0.128125,1287
821,0.128281,2056
822,0.128438,3079
823,0.128594,1287
824,0.128750,3080
825,0.128906,1800
826,0.129062,1799
827,0.129219,1543
828,0.129375,2823
829,0.129531,1288
830,0.129688,2311
831,0.129844,3336
832,0.130000,1288
833,0.130156,2311
834,0.130312,1031
835,0.130469,2312
836,0.130625,2311
837,0.130781,1288
838,0.130938,1287
839,0.131094,3335
840,0.131250,2311
841,0.131406,2311
842,0.131562,1800
843,0.131719,3080
844,0.131875,3335
845,0.132031,775
846,0.132188,3847
847,0.132344,3334
848,0.132500,2824
849,0.132656,2054
850,0.132812,264
851,0.132969,2312
852,0.133125,775
853,0.133281,3335
854,0.133437,3080
855,0.133594,1031
856,0.133750,2054
857,0.133906,2311
858,0.134063,2823
859,0.134219,3335
860,0.134375,3848
861,0.134531,2311
862,0.134687,3335
863,0.134844,2824
864,0.135000,2823
865,0.135156,2312
866,0.135313,776
867,0.135469,2311
868,0.135625,3336
869,0.135781,2055
870,0.135937,1287
871,0.136094,1288
872,0.136250,2823
873,0.136406,3335
874,0.136563,3335
875,0.136719,2312
876,0.136875,2312
877,0.137031,263
878,0.137187,3337
879,0.137344,776
880,0.137500,3335
881,0.137656,1286
882,0.137813,776
883,0.137969,1289
884,0.138125,775
885,0.138281,1288
886,0.138437,2311
887,0.138594,3079
888,0.138750,3335
889,0.138906,2823
890,0.139063,2311
891,0.139219,2311
892,0.139375,1288
893,0.139531,2312
894,0.139687,776
895,0.139844,3847
896,0.140000,3847
897,0.140156,3079
898,0.140313,3847
899,0.140469,1288
900,0.140625,774
901,0.140781,1799
902,0.140937,2567
903,0.141094,1798
904,0.141250,2824
905,0.141406,1031
906,0.141563,2056
907,0.141719,2312
908,0.141875,1288
909,0.142031,775
910,0.142187,2824
911,0.142344,2312
912,0.142500,1287
913,0.142656,3335
914,0.142813,1800
915,0.142969,2823
916,0.143125,3080
917,0.143281,2312
918,0.143437,1287
919,0.143594,3335
920,0.143750,2055
921,0.143906,3079
922,0.144063,2055
923,0.144219,2055
924,0.144375,262
925,0.144531,1287
926,0.144687,1031
927,0.144844,3335
928,0.145000,1287
929,0.145156,2055
930,0.145313,2055
931,0.145469,1031
932,0.145625,1799
933,0.145781,1799
934,0.145937,3079
935,0.146094,2311
936,0.146250,3335
937,0.146406,3335
938,0.146563,2824
939,0.146719,1287
940,0.146875,3335
941,0.147031,1031
942,0.147187,3336
943,0.147344,3335
944,0.147500,2824
945,0.147656,1287
946,0.147813,1031
947,0.147969,2824
948,0.148125,3335
949,0.148281,2055
950,0.148438,1800
951,0.148594,2823
952,0.148750,1287
953,0.148906,1800
954,0.149062,3079
955,0.149219,1288
956,0.149375,1799
957,0.149531,2055
958,0.149688,2824
959,0.149844,1287
960,0.150000,2823
961,0.150156,2823
962,0.150312,3336
963,0.150469,2056
964,0.150625,1800
965,0.150781,1287
966,0.150938,1031
967,0.151094,2312
968,0.151250,2312
969,0.151406,2056
970,0.151562,1287
971,0.151719,3591
972,0.151875,3335
973,0.152031,2312
974,0.152188,2311
975,0.152344,776
976,0.152500,2311
977,0.152656,2312
978,0.152812,1287
979,0.152969,1288
980,0.153125,2056
981,0.153281,3335
982,0.153438,263
983,0.153594,1287
984,0.153750,2312
985,0.153906,2311
986,0.154062,2056
987,0.154219,3079
988,0.154375,1543
989,0.154531,1287
990,0.154688,2312
991,0.154844,2823
992,0.155000,2055
993,0.155156,2055
994,0.155312,2567
995,0.155469,1799
996,0.155625,1287
997,0.155781,2822
998,0.155938,1800
999,0.156094,3080
1000,0.156250,2311
1001,0.156406,1031
1002,0.156562,2822
1003,0.156719,2055
1004,0.156875,3080
1005,0.157031,3335
1006,0.157188,2055
1007,0.157344,2055
1008,0.157500,1031
1009,0.157656,2823
1010,0.157812,2823
1011,0.157969,3847
1012,0.158125,3335
1013,0.158281,1286
1014,0.158438,2311
1015,0.158594,3337
1016,0.158750,1287
1017,0.158906,1287
1018,0.159062,3335
1019,0.159219,264
1020,0.159375,2824
1021,0.159531,2823
1022,0.159688,1799
1023,0.159844,3335
1024,0.160000,1799
1025,0.160156,2823
1026,0.160312,3336
1027,0.160469,263
1028,0.160625,3080
1029,0.160781,265
1030,0.160938,3848
1031,0.161094,2312
1032,0.161250,1286
1033,0.161406,3591
1034,0.161562,1288
1035,0.161719,2312
1036,0.161875,2312
1037,0.162031,1031
1038,0.162188,2056
1039,0.162344,2824
1040,0.162500,2311
1041,0.162656,2311
1042,0.162812,3079
1043,0.162969,3335
1044,0.163125,1287
1045,0.163281,2824
1046,0.163438,3334
1047,0.163594,1286
1048,0.163750,2311
1049,0.163906,1799
1050,0.164062,1287
1051,0.164219,1288
1052,0.164375,1287
1053,0.164531,1288
1054,0.164687,774
1055,0.164844,1032
1056,0.165000,2056
1057,0.165156,2311
1058,0.165313,264
1059,0.165469,3079
1060,0.165625,2312
1061,0.165781,775
1062,0.165937,2311
1063,0.166094,1032
1064,0.166250,3335
1065,0.166406,3847
1066,0.166563,1288
1067,0.166719,1799
1068,0.166875,3335
1069,0.167031,2055
1070,0.167187,1288
1071,0.167344,3847
1072,0.167500,1799
1073,0.167656,2055
1074,0.167813,2311
1075,0.167969,3335
1076,0.168125,1032
1077,0.168281,2055
1078,0.168437,1287
1079,0.168594,1288
1080,0.168750,2823
1081,0.168906,2312
1082,0.169063,2311
1083,0.169219,3079
1084,0.169375,1288
1085,0.169531,1799
1086,0.169687,1031
1087,0.169844,3080
1088,0.170000,1799
1089,0.170156,2055
1090,0.170313,2056
1091,0.170469,1800
1092,0.170625,3080
1093,0.170781,3336
1094,0.170937,2823
1095,0.171094,3336
1096,0.171250,1031
1097,0.171406,1799
1098,0.171563,2311
1099,0.171719,264
1100,0.171875,2056
1101,0.172031,1798
1102,0.172187,775
1103,0.172344,3335
1104,0.172500,3336
1105,0.172656,2823
1106,0.172813,2823
1107,0.172969,3335
1108,0.173125,2823
1109,0.173281,2824
1110,0.173437,1799
1111,0.173594,2056
1112,0.173750,1287
1113,0.173906,3079
1114,0.174063,3079
1115,0.174219,3335
1116,0.174375,3080
1117,0.174531,775
1118,0.174687,775
1119,0.174844,1800
1120,0.175000,1287
1121,0.175156,1288
1122,0.175313,1032
1123,0.175469,2312
1124,0.175625,1287
1125,0.175781,1288
1126,0.175937,3080
1127,0.176094,3079
1128,0.176250,3080
1129,0.176406,2311
1130,0.176563,2824
1131,0.176719,3080
1132,0.176875,3335
1133,0.177031,2312
1134,0.177187,2056
1135,0.177344,3336
1136,0.177500,3847
1137,0.177656,1032
1138,0.177813,1288
1139,0.177969,1287
1140,0.178125,1544
1141,0.178281,2312
1142,0.178437,1032
1143,0.178594,2055
1144,0.178750,1800
1145,0.178906,1799
1146,0.179063,1032
1147,0.179219,2824
1148,0.179375,2055
1149,0.179531,2823
1150,0.179688,2311
1151,0.179844,3080
1152,0.180000,2312
1153,0.180156,3336
1154,0.180312,2312
1155,0.180469,2312
1156,0.180625,1287
1157,0.180781,2823
1158,0.180938,2310
1159,0.181094,2312
1160,0.181250,1031
1161,0.181406,1800
1162,0.181562,2056
1163,0.181719,1799
1164,0.181875,2056
1165,0.182031,2312
1166,0.182188,3079
1167,0.182344,776
1168,0.182500,2823
1169,0.182656,3336
1170,0.182812,1287
1171,0.182969,2312
1172,0.183125,3335
1173,0.183281,2824
1174,0.183438,2312
1175,0.183594,3336
1176,0.183750,1544
1177,0.183906,3335
1178,0.184062,2311
1179,0.184219,3080
1180,0.184375,775
1181,0.184531,2311
1182,0.184688,776
1183,0.184844,519
1184,0.185000,1031
1185,0.185156,3336
1186,0.185312,3336
1187,0.185469,1543
1188,0.185625,1031
1189,0.185781,3847
1190,0.185938,3335
1191,0.186094,1288
1192,0.186250,3079
1193,0.186406,263
1194,0.186562,1287
1195,0.186719,3336
1196,0.186875,1287
1197,0.187031,3336
1198,0.187188,3080
1199,0.187344,2312
1200,0.187500,3336
1201,0.187656,1286
1202,0.187812,1800
1203,0.187969,2055
1204,0.188125,3847
1205,0.188281,2311
1206,0.188438,775
1207,0.188594,3591
1208,0.188750,3590
1209,0.188906,3335
1210,0.189062,1801
1211,0.189219,1030
1212,0.189375,2312
1213,0.189531,3335
1214,0.189688,2824
1215,0.189844,1287
1216,0.190000,3336
1217,0.190156,1031
1218,0.190312,2567
1219,0.190469,1032
1220,0.190625,774
1221,0.190781,1287
1222,0.190938,1287
1223,0.191094,2824
1224,0.191250,775
1225,0.191406,1800
1226,0.191562,2055
1227,0.191719,1288
1228,0.191875,265
1229,0.192031,1287
1230,0.192188,1799
1231,0.192344,1800
1232,0.192500,2311
1233,0.192656,3080
1234,0.192812,3335
1235,0.192969,3080
1236,0.193125,3336
1237,0.193281,2824
1238,0.193438,2823
1239,0.193594,3335
1240,0.193750,1287
1241,0.193906,3335
1242,0.194062,263
1243,0.194219,1031
1244,0.194375,1287
1245,0.194531,3336
1246,0.194688,2311
1247,0.194844,1288
1248,0.195000,3079
1249,0.195156,2823
1250,0.195312,3079
1251,0.195469,3079
1252,0.195625,1031
1253,0.195781,1286
1254,0.195937,2055
1255,0.196094,1288
1256,0.196250,1031
1257,0.196406,2311
1258,0.196563,3335
1259,0.196719,1799
1260,0.196875,3335
1261,0.197031,1543
1262,0.197187,263
1263,0.197344,2056
1264,0.197500,1287
1265,0.197656,2311
1266,0.197813,3080
1267,0.197969,776
1268,0.198125,2312
1269,0.198281,3336
1270,0.198437,2823
1271,0.198594,3079
1272,0.198750,2311
1273,0.198906,2312
1274,0.199063,2312
1275,0.199219,776
1276,0.199375,2822
1277,0.199531,1799
1278,0.199687,1288
1279,0.199844,2311
1280,0.200000,3079
1281,0.200156,2056
1282,0.200313,1799
1283,0.200469,2056
1284,0.200625,1287
1285,0.200781,2311
1286,0.200937,2824
1287,0.201094,3079
1288,0.201250,1031
1289,0.201406,1288
1290,0.201563,2055
1291,0.201719,1287
1292,0.201875,1032
1293,0.202031,3079
1294,0.202187,2055
1295,0.202344,2311
1296,0.202500,1287
1297,0.202656,1288
1298,0.202813,3336
1299,0.202969,1032
1300,0.203125,1288
1301,0.203281,1800
1302,0.203437,1798
1303,0.203594,3847
1304,0.203750,3848
1305,0.203906,1287
1306,0.204063,263
1307,0.204219,2055
1308,0.204375,3079
1309,0.204531,2312
1310,0.204687,3334
1311,0.204844,1031
1312,0.205000,1288
1313,0.205156,2312
1314,0.205313,2311
1315,0.205469,1543
1316,0.205625,3335
1317,0.205781,2824
1318,0.205937,1288
1319,0.206094,1031
1320,0.206250,1288
1321,0.206406,2056
1322,0.206563,2311
1323,0.206719,775
1324,0.206875,3079
1325,0.207031,2055
1326,0.207187,1544
1327,0.207344,3336
1328,0.207500,2312
1329,0.207656,263
1330,0.207813,3335
1331,0.207969,2312
1332,0.208125,2055
1333,0.208281,1800
1334,0.208437,1032
1335,0.208594,1032
1336,0.208750,3848
1337,0.208906,1032
1338,0.209063,1287
1339,0.209219,2823
1340,0.209375,2823
1341,0.209531,1032
1342,0.209687,2311
1343,0.209844,775
1344,0.210000,1544
1345,0.210156,2824
1346,0.210313,1287
1347,0.210469,3080
1348,0.210625,3335
1349,0.210781,2311
1350,0.210938,3080
1351,0.211094,3336
1352,0.211250,2823
1353,0.211406,2311
1354,0.211562,2568
1355,0.211719,2055
1356,0.211875,1288
1357,0.212031,3847
1358,0.212188,2823
1359,0.212344,3336
1360,0.212500,2312
1361,0.212656,1799
1362,0.212812,2824
1363,0.212969,263
1364,0.213125,3335
1365,0.213281,2312
1366,0.213438,3335
1367,0.213594,775
1368,0.213750,2055
1369,0.213906,3336
1370,0.214062,2311
1371,0.214219,1287
1372,0.214375,2312
1373,0.214531,775
1374,0.214688,1288
1375,0.214844,2824
1376,0.215000,2055
1377,0.215156,1800
1378,0.215312,3335
1379,0.215469,3336
1380,0.215625,1288
1381,0.215781,3080
1382,0.215938,1799
1383,0.216094,3079
1384,0.216250,1287
1385,0.216406,2823
1386,0.216562,1287
1387,0.216719,3335
1388,0.216875,2311
1389,0.217031,2823
1390,0.217188,3336
1391,0.217344,3847
1392,0.217500,3847
1393,0.217656,3335
1394,0.217812,2056
1395,0.217969,3592
1396,0.218125,776
1397,0.218281,1286
1398,0.218438,3334
1399,0.218594,1031
1400,0.218750,519
1401,0.218906,1287
1402,0.219062,1287
1403,0.219219,2056
1404,0.219375,1799
1405,0.219531,3334
1406,0.219688,2312
1407,0.219844,1286
1408,0.220000,3846
1409,0.220156,3080
1410,0.220312,2312
1411,0.220469,775
1412,0.220625,1287
1413,0.220781,1799
1414,0.220938,3079
1415,0.221094,1288
1416,0.221250,3079
1417,0.221406,3592
1418,0.221562,2824
1419,0.221719,2567
1420,0.221875,2823
1421,0.222031,3335
1422,0.222188,1287
1423,0.222344,3080
1424,0.222500,1287
1425,0.222656,3335
1426,0.222812,2312
1427,0.222969,1800
1428,0.223125,1800
1429,0.223281,263
1430,0.223438,2312
1431,0.223594,2311
1432,0.223750,1287
1433,0.223906,1287
1434,0.224062,1288
1435,0.224219,3847
1436,0.224375,1287
1437,0.224531,1799
1438,0.224688,1799
1439,0.224844,1287
1440,0.225000,263
1441,0.225156,3335
1442,0.225312,3847
1443,0.225469,775
1444,0.225625,1287
1445,0.225781,1288
1446,0.225938,2055
1447,0.226094,3336
1448,0.226250,3335
1449,0.226406,1544
1450,0.226562,2312
1451,0.226719,775
1452,0.226875,1800
1453,0.227031,1030
1454,0.227187,1288
1455,0.227344,3335
1456,0.227500,1032
1457,0.227656,2312
1458,0.227813,2055
1459,0.227969,2824
1460,0.228125,3080
1461,0.228281,3079
1462,0.228437,775
1463,0.228594,2310
1464,0.228750,2311
1465,0.228906,775
1466,0.229063,1287
1467,0.229219,3847
1468,0.229375,2311
1469,0.229531,2055
1470,0.229687,3079
1471,0.229844,1286
1472,0.230000,1032
1473,0.230156,2056
1474,0.230313,2823
1475,0.230469,1032
1476,0.230625,775
1477,0.230781,1800
1478,0.230937,1287
1479,0.231094,3847
1480,0.231250,263
1481,0.231406,3335
1482,0.231563,3079
1483,0.231719,1288
1484,0.231875,2823
1485,0.232031,3335
1486,0.232187,2311
1487,0.232344,2055
1488,0.232500,3335
1489,0.232656,3080
1490,0.232813,2312
1491,0.232969,2823
1492,0.233125,2311
1493,0.233281,776
1494,0.233437,1544
1495,0.233594,1287
1496,0.233750,3336
1497,0.233906,3335
1498,0.234063,1543
1499,0.234219,2312
1500,0.234375,3335
1501,0.234531,775
1502,0.234687,2056
1503,0.234844,1287
1504,0.235000,1800
1505,0.235156,775
1506,0.235313,1288
1507,0.235469,1544
1508,0.235625,3079
1509,0.235781,2568
1510,0.235937,776
1511,0.236094,1288
1512,0.236250,1288
1513,0.236406,775
1514,0.236563,3848
1515,0.236719,2311
1516,0.236875,2824
1517,0.237031,1032
1518,0.237187,1288
1519,0.237344,2311
1520,0.237500,3848
1521,0.237656,2824
1522,0.237813,1287
1523,0.237969,3335
1524,0.238125,2311
1525,0.238281,3079
1526,0.238437,1288
1527,0.238594,3335
1528,0.238750,1800
1529,0.238906,1800
1530,0.239063,776
1531,0.239219,1031
1532,0.239375,2312
1533,0.239531,2311
1534,0.239687,1031
1535,0.239844,3080
1536,0.240000,3079
1537,0.240156,3335
1538,0.240313,2824
1539,0.240469,2055
1540,0.240625,2056
1541,0.240781,2823
1542,0.240937,2823
1543,0.241094,2055
1544,0.241250,263
1545,0.241406,2312
1546,0.241563,1799
1547,0.241719,3080
1548,0.241875,3079
1549,0.242031,2567
1550,0.242188,775
1551,0.242344,1799
1552,0.242500,2055
1553,0.242656,1287
1554,0.242812,2055
1555,0.242969,3079
1556,0.243125,2823
1557,0.243281,2568
1558,0.243438,3592
1559,0.243594,2823
1560,0.243750,2312
1561,0.243906,2055
1562,0.244062,264
1563,0.244219,2312
1564,0.244375,1031
1565,0.244531,1287
1566,0.244688,1287
1567,0.244844,776
1568,0.245000,3334
1569,0.245156,1799
1570,0.245312,3847
1571,0.245469,2823
1572,0.245625,2311
1573,0.245781,1287
1574,0.245938,2312
1575,0.246094,1031
1576,0.246250,2823
1577,0.246406,3336
1578,0.246562,2567
1579,0.246719,2056
1580,0.246875,2311
1581,0.247031,3336
1582,0.247188,2567
1583,0.247344,3080
1584,0.247500,1032
1585,0.247656,1032
1586,0.247812,2823
1587,0.247969,1287
1588,0.248125,3336
1589,0.248281,2056
1590,0.248438,3335
1591,0.248594,3079
1592,0.248750,3847
1593,0.248906,1799
1594,0.249062,3335
1595,0.249219,2311
1596,0.249375,775
1597,0.249531,1287
1598,0.249688,1288
1599,0.249844,1800
1600,0.250000,2311
1601,0.250156,2823
1602,0.250312,1799
1603,0.250469,1800
1604,0.250625,3847
1605,0.250781,2311
1606,0.250937,776
1607,0.251094,3334
1608,0.251250,2311
1609,0.251406,3847
1610,0.251563,1287
1611,0.251719,776
1612,0.251875,2055
1613,0.252031,1288
1614,0.252188,2312
1615,0.252344,1544
1616,0.252500,1799
1617,0.252656,2311
1618,0.252812,3848
1619,0.252969,3336
1620,0.253125,1288
1621,0.253281,2311
1622,0.253437,775
1623,0.253594,3846
1624,0.253750,2311
1625,0.253906,2311
1626,0.254063,263
1627,0.254219,1031
1628,0.254375,2311
1629,0.254531,3336
1630,0.254688,2311
1631,0.254844,1799
1632,0.255000,3335
1633,0.255156,2311
1634,0.255312,2311
1635,0.255469,776
1636,0.255625,3078
1637,0.255781,1543
1638,0.255937,2310
1639,0.256094,263
1640,0.256250,3336
1641,0.256406,1032
1642,0.256563,2568
1643,0.256719,3335
1644,0.256875,3080
1645,0.257031,1287
1646,0.257188,2056
1647,0.257344,776
1648,0.257500,1287
1649,0.257656,2055
1650,0.257812,1287
1651,0.257969,776
1652,0.258125,3080
1653,0.258281,2312
1654,0.258437,1287
1655,0.258594,2311
1656,0.258750,1287
1657,0.258906,1800
1658,0.259062,3080
1659,0.259219,1287
1660,0.259375,1031
1661,0.259531,1288
1662,0.259688,2312
1663,0.259844,1288
1664,0.260000,3334
1665,0.260156,1287
1666,0.260313,2055
1667,0.260469,1288
1668,0.260625,2055
1669,0.260781,2055
1670,0.260937,3336
1671,0.261094,3847
1672,0.261250,3335
1673,0.261406,1032
1674,0.261562,263
1675,0.261719,776
1676,0.261875,2824
1677,0.262031,2312
1678,0.262188,3848
1679,0.262344,3847
1680,0.262500,2310
1681,0.262656,2312
1682,0.262813,3336
1683,0.262969,2567
1684,0.263125,775
1685,0.263281,775
1686,0.263437,1287
1687,0.263594,2312
1688,0.263750,2822
1689,0.263906,2822
1690,0.264062,263
1691,0.264219,1287
1692,0.264375,1543
1693,0.264531,1286
1694,0.264688,3849
1695,0.264844,3080
1696,0.265000,2311
1697,0.265156,3590
1698,0.265313,1800
1699,0.265469,2824
1700,0.265625,3079
1701,0.265781,1033
1702,0.265937,774
1703,0.266094,775
1704,0.266250,3335
1705,0.266406,2312
1706,0.266562,2312
1707,0.266719,2055
1708,0.266875,2312
1709,0.267031,1797
1710,0.267188,3336
1711,0.267344,2823
1712,0.267500,1800
1713,0.267656,1799
1714,0.267813,3847
1715,0.267969,2310
1716,0.268125,1800
1717,0.268281,1800
1718,0.268437,3334
1719,0.268594,3847
1720,0.268750,3079
1721,0.268906,1287
1722,0.269062,1287
1723,0.269219,2823
1724,0.269375,1799
1725,0.269531,3336
1726,0.269688,1288
1727,0.269844,3335
1728,0.270000,1288
1729,0.270156,3334
1730,0.270313,775
1731,0.270469,1288
1732,0.270625,3335
1733,0.270781,3335
1734,0.270937,2310
1735,0.271094,3079
1736,0.271250,2311
1737,0.271406,3847
1738,0.271562,2055
1739,0.271719,1287
1740,0.271875,3335
1741,0.272031,2823
1742,0.272188,1798
1743,0.272344,520
1744,0.272500,777
1745,0.272656,3335
1746,0.272813,1287
1747,0.272969,3335
1748,0.273125,2568
1749,0.273281,1287
1750,0.273438,2311
1751,0.273594,3079
1752,0.273750,3591
1753,0.273906,1799
1754,0.274062,1287
1755,0.274219,1799
1756,0.274375,1800
1757,0.274531,2312
1758,0.274687,3848
1759,0.274844,1288
1760,0.275000,2056
1761,0.275156,2055
1762,0.275313,3848
1763,0.275469,3848
1764,0.275625,3335
1765,0.275781,3079
1766,0.275938,1031
1767,0.276094,3336
1768,0.276250,263
1769,0.276406,2823
1770,0.276562,1799
1771,0.276719,3336
1772,0.276875,2311
1773,0.277031,2311
1774,0.277187,1031
1775,0.277344,2056
1776,0.277500,2823
1777,0.277656,2055
1778,0.277813,2311
1779,0.277969,1288
1780,0.278125,3336
1781,0.278281,1288
1782,0.278438,3334
1783,0.278594,2312
1784,0.278750,2056
1785,0.278906,1288
1786,0.279062,3336
1787,0.279219,1287
1788,0.279375,776
1789,0.279531,2568
1790,0.279687,2311
1791,0.279844,1288
1792,0.280000,2824
1793,0.280156,263
1794,0.280313,3847
1795,0.280469,2055
1796,0.280625,775
1797,0.280781,2312
1798,0.280938,1287
1799,0.281094,1031
1800,0.281250,1799
1801,0.281406,3335
1802,0.281562,2312
1803,0.281719,3078
1804,0.281875,3335
1805,0.282031,3079
1806,0.282187,2056
1807,0.282344,1287
1808,0.282500,1799
1809,0.282656,2311
1810,0.282813,1287
1811,0.282969,3335
1812,0.283125,263
1813,0.283281,1032
1814,0.283438,2311
1815,0.283594,1288
1816,0.283750,1287
1817,0.283906,2823
1818,0.284062,2056
1819,0.284219,3847
1820,0.284375,3079
1821,0.284531,3335
1822,0.284687,1799
1823,0.284844,2312
1824,0.285000,2823
1825,0.285156,1544
1826,0.285313,3079
1827,0.285469,2056
1828,0.285625,776
1829,0.285781,1288
1830,0.285938,3847
1831,0.286094,1032
1832,0.286250,1287
1833,0.286406,3335
1834,0.286562,2055
1835,0.286719,1288
1836,0.286875,3079
1837,0.287031,1799
1838,0.287187,2823
1839,0.287344,2312
1840,0.287500,263
1841,0.287656,263
1842,0.287813,3848
1843,0.287969,1287
1844,0.288125,1031
1845,0.288281,3080
1846,0.288438,1800
1847,0.288594,2823
1848,0.288750,3848
1849,0.288906,1287
1850,0.289062,1799
1851,0.289219,1031
1852,0.289375,3079
1853,0.289531,2312
1854,0.289687,2823
1855,0.289844,2312
1856,0.290000,2056
1857,0.290156,2055
1858,0.290312,3336
1859,0.290469,3334
1860,0.290625,1288
1861,0.290781,2311
1862,0.290938,2311
1863,0.291094,775
1864,0.291250,2312
1865,0.291406,3335
1866,0.291563,2823
1867,0.291719,3847
1868,0.291875,3079
1869,0.292031,3335
1870,0.292187,2312
1871,0.292344,2823
1872,0.292500,1799
1873,0.292656,3335
1874,0.292812,3335
1875,0.292969,1031
1876,0.293125,3336
1877,0.293281,1287
1878,0.293438,3335
1879,0.293594,776
1880,0.293750,3335
1881,0.293906,3848
1882,0.294063,2312
1883,0.294219,1800
1884,0.294375,1288
1885,0.294531,3335
1886,0.294687,2823
1887,0.294844,3079
1888,0.295000,2312
1889,0.295156,3847
1890,0.295312,2311
1891,0.295469,2311
1892,0.295625,2055
1893,0.295781,1288
1894,0.295938,2312
1895,0.296094,2312
1896,0.296250,776
1897,0.296406,1287
1898,0.296563,2311
1899,0.296719,1287
1900,0.296875,2056
1901,0.297031,2312
1902,0.297187,775
1903,0.297344,1288
1904,0.297500,1544
1905,0.297656,1287
1906,0.297812,1287
1907,0.297969,3847
1908,0.298125,3848
1909,0.298281,1544
1910,0.298438,3079
1911,0.298594,3336
1912,0.298750,2823
1913,0.298906,1288
1914,0.299063,775
1915,0.299219,774
1916,0.299375,3335
1917,0.299531,1800
1918,0.299687,2312
1919,0.299844,1287
1920,0.300000,775
1921,0.300156,1799
1922,0.300312,3848
1923,0.300469,1542
1924,0.300625,1287
1925,0.300781,1287
1926,0.300938,1031
1927,0.301094,2056
1928,0.301250,3335
1929,0.301406,775
1930,0.301563,1287
1931,0.301719,3335
1932,0.301875,3335
1933,0.302031,2823
1934,0.302187,3336
1935,0.302344,2311
1936,0.302500,3080
1937,0.302656,1286
1938,0.302812,2311
1939,0.302969,3335
1940,0.303125,3079
1941,0.303281,262
1942,0.303438,3079
1943,0.303594,3079
1944,0.303750,3335
1945,0.303906,2056
1946,0.304063,1286
1947,0.304219,1288
1948,0.304375,263
1949,0.304531,1288
1950,0.304688,1032
1951,0.304844,774
1952,0.305000,2311
1953,0.305156,2055
1954,0.305312,2312
1955,0.305469,1287
1956,0.305625,3080
1957,0.305781,1287
1958,0.305937,2311
1959,0.306094,2823
1960,0.306250,2824
1961,0.306406,1032
1962,0.306563,1288
1963,0.306719,2567
1964,0.306875,3336
1965,0.307031,1799
1966,0.307188,1800
1967,0.307344,3335
1968,0.307500,3078
1969,0.307656,1800
1970,0.307812,264
1971,0.307969,2313
1972,0.308125,3847
1973,0.308281,1287
1974,0.308437,3335
1975,0.308594,263
1976,0.308750,3080
1977,0.308906,2823
1978,0.309063,3079
1979,0.309219,1799
1980,0.309375,3336
1981,0.309531,1800
1982,0.309688,2312
1983,0.309844,3335
1984,0.310000,3336
1985,0.310156,2312
1986,0.310312,1030
1987,0.310469,2312
1988,0.310625,1032
1989,0.310781,3335
1990,0.310937,3079
1991,0.311094,1544
1992,0.311250,775
1993,0.311406,3335
1994,0.311563,3336
1995,0.311719,1287
1996,0.311875,1288
1997,0.312031,1800
1998,0.312188,3336
1999,0.312344,1799
2000,0.312500,2311
2001,0.312656,3079
2002,0.312812,3336
2003,0.312969,2055
2004,0.313125,1287
2005,0.313281,2823
2006,0.313437,3335
2007,0.313594,3335
2008,0.313750,263
2009,0.313906,2311
2010,0.314063,3336
2011,0.314219,1287
2012,0.314375,776
2013,0.314531,2823
2014,0.314688,3847
2015,0.314844,2312
2016,0.315000,1031
2017,0.315156,776
2018,0.315312,1287
2019,0.315469,1799
2020,0.315625,1032
2021,0.315781,1798
2022,0.315937,775
2023,0.316094,1800
2024,0.316250,1031
2025,0.316406,2311
2026,0.316563,1031
2027,0.316719,1287
2028,0.316875,3336
2029,0.317031,3335
2030,0.317188,3335
2031,0.317344,3080
2032,0.317500,1543
2033,0.317656,1032
2034,0.317812,3078
2035,0.317969,1031
2036,0.318125,1287
2037,0.318281,2568
2038,0.318437,2056
2039,0.318594,2311
2040,0.318750,1800
2041,0.318906,3335
2042,0.319063,2824
2043,0.319219,2311
2044,0.319375,264
2045,0.319531,2055
2046,0.319688,2311
2047,0.319844,2056
2048,0.320000,3848
2049,0.320156,2311
2050,0.320312,2312
2051,0.320469,1030
2052,0.320625,1031
2053,0.320781,2823
2054,0.320937,2824
2055,0.321094,1798
2056,0.321250,1288
2057,0.321406,3336
2058,0.321562,263
2059,0.321719,3335
2060,0.321875,1799
2061,0.322031,1800
2062,0.322188,3079
2063,0.322344,3335
2064,0.322500,2312
2065,0.322656,2055
2066,0.322813,776
2067,0.322969,2823
2068,0.323125,3335
2069,0.323281,2823
2070,0.323437,2310
2071,0.323594,1544
2072,0.323750,1543
2073,0.323906,2310
2074,0.324062,3335
2075,0.324219,3079
2076,0.324375,1287
2077,0.324531,264
2078,0.324688,1287
2079,0.324844,1800
2080,0.325000,2312
2081,0.325156,3335
2082,0.325313,776
2083,0.325469,3079
2084,0.325625,2823
2085,0.325781,2823
2086,0.325937,2311
2087,0.326094,1799
2088,0.326250,263
2089,0.326406,1543
2090,0.326562,3336
2091,0.326719,3079
2092,0.326875,1031
2093,0.327031,3335
2094,0.327188,1288
2095,0.327344,1031
2096,0.327500,2824
2097,0.327656,1799
2098,0.327813,3334
2099,0.327969,3336
2100,0.328125,3336
2101,0.328281,3080
2102,0.328437,2823
2103,0.328594,3080
2104,0.328750,1800
2105,0.328906,2311
2106,0.329062,1286
2107,0.329219,1287
2108,0.329375,3078
2109,0.329531,1287
2110,0.329688,1288
2111,0.329844,2054
2112,0.330000,2311
2113,0.330156,2823
2114,0.330313,1543
2115,0.330469,3079
2116,0.330625,2311
2117,0.330781,2823
2118,0.330937,3336
2119,0.331094,2056
2120,0.331250,2824
2121,0.331406,1288
2122,0.331562,3335
2123,0.331719,262
2124,0.331875,3079
2125,0.332031,263
2126,0.332188,1286
2127,0.332344,1799
2128,0.332500,1800
2129,0.332656,1543
2130,0.332813,1800
2131,0.332969,775
2132,0.333125,776
2133,0.333281,775
2134,0.333437,2311
2135,0.333594,2311
2136,0.333750,1287
2137,0.333906,1031
2138,0.334062,2312
2139,0.334219,776
2140,0.334375,1287
2141,0.334531,1799
2142,0.334688,3335
2143,0.334844,2311
2144,0.335000,3079
2145,0.335156,2055
2146,0.335313,775
2147,0.335469,3336
2148,0.335625,1287
2149,0.335781,3335
2150,0.335938,2055
2151,0.336094,2824
2152,0.336250,2311
2153,0.336406,3592
2154,0.336562,2312
2155,0.336719,2312
2156,0.336875,2823
2157,0.337031,1544
2158,0.337187,1288
2159,0.337344,1031
2160,0.337500,3080
2161,0.337656,2055
2162,0.337813,3847
2163,0.337969,1543
2164,0.338125,1287
2165,0.338281,3335
2166,0.338438,3080
2167,0.338594,1288
2168,0.338750,1287
2169,0.338906,776
2170,0.339062,2312
2171,0.339219,3336
2172,0.339375,3847
2173,0.339531,3848
2174,0.339687,3847
2175,0.339844,1287
2176,0.340000,1031
2177,0.340156,3335
2178,0.340313,1031
2179,0.340469,263
2180,0.340625,1288
2181,0.340781,3335
2182,0.340938,774
2183,0.341094,2055
2184,0.341250,1287
2185,0.341406,3079
2186,0.341562,1031
2187,0.341719,3080
2188,0.341875,1287
2189,0.342031,3080
2190,0.342187,1032
2191,0.342344,2055
2192,0.342500,2311
2193,0.342656,263
2194,0.342813,2310
2195,0.342969,2311
2196,0.343125,3335
2197,0.343281,1287
2198,0.343438,2055
2199,0.343594,1799
2200,0.343750,3847
2201,0.343906,3847
2202,0.344062,3336
2203,0.344219,1543
2204,0.344375,2823
2205,0.344531,1799
2206,0.344687,3335
2207,0.344844,3335
2208,0.345000,2824
2209,0.345156,2311
2210,0.345313,3080
2211,0.345469,2312
2212,0.345625,1288
2213,0.345781,2055
2214,0.345938,1288
2215,0.346094,3848
2216,0.346250,1288
2217,0.346406,2823
2218,0.346562,775
2219,0.346719,775
2220,0.346875,2311
2221,0.347031,2311
2222,0.347187,775
2223,0.347344,775
2224,0.347500,2824
2225,0.347656,1031
2226,0.347813,3336
2227,0.347969,1288
2228,0.348125,2824
2229,0.348281,3336
2230,0.348438,1799
2231,0.348594,775
2232,0.348750,775
2233,0.348906,3336
2234,0.349062,2311
2235,0.349219,1799
2236,0.349375,3848
2237,0.349531,3336
2238,0.349687,2824
2239,0.349844,1286
2240,0.350000,1032
2241,0.350156,3335
2242,0.350313,2055
2243,0.350469,1031
2244,0.350625,3847
2245,0.350781,1287
2246,0.350938,263
2247,0.351094,2823
2248,0.351250,2311
2249,0.351406,2055
2250,0.351562,2312
2251,0.351719,1287
2252,0.351875,3336
2253,0.352031,3336
2254,0.352187,1287
2255,0.352344,2054
2256,0.352500,1287
2257,0.352656,2824
2258,0.352812,262
2259,0.352969,775
2260,0.353125,1287
2261,0.353281,3335
2262,0.353438,263
2263,0.353594,2823
2264,0.353750,1031
2265,0.353906,1287
2266,0.354063,2311
2267,0.354219,2312
2268,0.354375,775
2269,0.354531,2055
2270,0.354687,1288
2271,0.354844,1288
2272,0.355000,2312
2273,0.355156,3335
2274,0.355312,3336
2275,0.355469,2055
2276,0.355625,1799
2277,0.355781,3335
2278,0.355938,2311
2279,0.356094,2823
2280,0.356250,1031
2281,0.356406,1032
2282,0.356563,2823
2283,0.356719,3080
2284,0.356875,1543
2285,0.357031,1287
2286,0.357187,1799
2287,0.357344,2312
2288,0.357500,3846
2289,0.357656,1032
2290,0.357812,2311
2291,0.357969,3335
2292,0.358125,3335
2293,0.358281,1799
2294,0.358438,1031
2295,0.358594,2056
2296,0.358750,1799
2297,0.358906,3335
2298,0.359063,3847
2299,0.359219,2055
2300,0.359375,1287
2301,0.359531,1287
2302,0.359687,2311
2303,0.359844,1800
2304,0.360000,2823
2305,0.360156,1287
2306,0.360312,2312
2307,0.360469,3335
2308,0.360625,2823
2309,0.360781,1288
2310,0.360938,3335
2311,0.361094,3079
2312,0.361250,263
2313,0.361406,3335
2314,0.361563,3335
2315,0.361719,1288
2316,0.361875,2056
2317,0.362031,2824
2318,0.362187,2055
2319,0.362344,3847
2320,0.362500,1031
2321,0.362656,2312
2322,0.362812,2823
2323,0.362969,2824
2324,0.363125,775
2325,0.363281,2056
2326,0.363438,3847
2327,0.363594,2056
2328,0.363750,2312
2329,0.363906,2823
2330,0.364063,2311
2331,0.364219,2311
2332,0.364375,3079
2333,0.364531,2055
2334,0.364687,2824
2335,0.364844,2055
2336,0.365000,2055
2337,0.365156,1798
2338,0.365312,2312
2339,0.365469,3079
2340,0.365625,1032
2341,0.365781,3336
2342,0.365938,1800
2343,0.366094,3335
2344,0.366250,3848
2345,0.366406,1799
2346,0.366563,2055
2347,0.366719,519
2348,0.366875,2311
2349,0.367031,2312
2350,0.367188,775
2351,0.367344,1799
2352,0.367500,3848
2353,0.367656,775
2354,0.367812,775
2355,0.367969,2055
2356,0.368125,2312
2357,0.368281,1799
2358,0.368437,1287
2359,0.368594,2824
2360,0.368750,1032
2361,0.368906,2055
2362,0.369063,775
2363,0.369219,2312
2364,0.369375,1287
2365,0.369531,2312
2366,0.369688,3335
2367,0.369844,1287
2368,0.370000,1799
2369,0.370156,3079
2370,0.370312,3847
2371,0.370469,3592
2372,0.370625,3079
2373,0.370781,2056
2374,0.370937,2311
2375,0.371094,1799
2376,0.371250,1031
2377,0.371406,3335
2378,0.371563,3335
2379,0.371719,3591
2380,0.371875,2311
2381,0.372031,519
2382,0.372188,2824
2383,0.372344,3846
2384,0.372500,1287
2385,0.372656,2312
2386,0.372812,775
2387,0.372969,1032
2388,0.373125,2312
2389,0.373281,2824
2390,0.373437,775
2391,0.373594,3847
2392,0.373750,1031
2393,0.373906,1287
2394,0.374063,1286
2395,0.374219,2312
2396,0.374375,2311
2397,0.374531,3848
2398,0.374688,2311
2399,0.374844,3336
2400,0.375000,3336
2401,0.375156,3848
2402,0.375312,1288
2403,0.375469,3078
2404,0.375625,1799
2405,0.375781,1288
2406,0.375937,2824
2407,0.376094,3336
2408,0.376250,2311
2409,0.376406,775
2410,0.376563,1032
2411,0.376719,2056
2412,0.376875,3335
2413,0.377031,1799
2414,0.377188,1544
2415,0.377344,2567
2416,0.377500,3080
2417,0.377656,2312
2418,0.377812,1287
2419,0.377969,1031
2420,0.378125,775
2421,0.378281,775
2422,0.378437,2312
2423,0.378594,2311
2424,0.378750,2312
2425,0.378906,3335
2426,0.379063,2568
2427,0.379219,3078
2428,0.379375,3080
2429,0.379531,2823
2430,0.379688,3079
2431,0.379844,1287
2432,0.380000,2312
2433,0.380156,2823
2434,0.380312,3335
2435,0.380469,2823
2436,0.380625,2312
2437,0.380781,1287
2438,0.380937,1288
2439,0.381094,3848
2440,0.381250,3336
2441,0.381406,3336
2442,0.381563,2311
2443,0.381719,1287
2444,0.381875,1287
2445,0.382031,1287
2446,0.382188,1032
2447,0.382344,2311
2448,0.382500,1031
2449,0.382656,3336
2450,0.382812,1800
2451,0.382969,3336
2452,0.383125,1287
2453,0.383281,2312
2454,0.383437,3847
2455,0.383594,1543
2456,0.383750,2824
2457,0.383906,1800
2458,0.384062,1799
2459,0.384219,774
2460,0.384375,2823
2461,0.384531,775
2462,0.384688,2311
2463,0.384844,1288
2464,0.385000,2312
2465,0.385156,3080
2466,0.385313,1288
2467,0.385469,1287
2468,0.385625,1287
2469,0.385781,2823
2470,0.385937,3335
2471,0.386094,1799
2472,0.386250,3335
2473,0.386406,1800
2474,0.386562,2311
2475,0.386719,3078
2476,0.386875,3335
2477,0.387031,3335
2478,0.387188,1288
2479,0.387344,2312
2480,0.387500,1031
2481,0.387656,1031
2482,0.387813,2055
2483,0.387969,3080
2484,0.388125,2823
2485,0.388281,1798
2486,0.388437,1288
2487,0.388594,3078
2488,0.388750,3335
2489,0.388906,2312
2490,0.389062,2055
2491,0.389219,1031
2492,0.389375,2055
2493,0.389531,3334
2494,0.389688,3079
2495,0.389844,3080
2496,0.390000,2822
2497,0.390156,1799
2498,0.390313,2056
2499,0.390469,1799
2500,0.390625,3335
2501,0.390781,3336
2502,0.390937,1798
2503,0.391094,2056
2504,0.391250,1288
2505,0.391406,1287
2506,0.391562,2312
2507,0.391719,1287
2508,0.391875,1031
2509,0.392031,3335
2510,0.392188,3336
2511,0.392344,2311
2512,0.392500,3335
2513,0.392656,2312
2514,0.392813,1288
2515,0.392969,2567
2516,0.393125,3336
2517,0.393281,3079
2518,0.393437,2055
2519,0.393594,1031
2520,0.393750,3079
2521,0.393906,1799
2522,0.394062,2312
2523,0.394219,1031
2524,0.394375,2824
2525,0.394531,3080
2526,0.394688,3080
2527,0.394844,1287
2528,0.395000,2311
2529,0.395156,1031
2530,0.395313,2055
2531,0.395469,2312
2532,0.395625,2824
2533,0.395781,2055
2534,0.395937,2311
2535,0.396094,3335
2536,0.396250,2311
2537,0.396406,3336
2538,0.396562,264
2539,0.396719,2056
2540,0.396875,1032
2541,0.397031,2312
2542,0.397188,2310
2543,0.397344,3335
2544,0.397500,3336
2545,0.397656,3079
2546,0.397813,3335
2547,0.397969,2824
2548,0.398125,1031
2549,0.398281,3335
2550,0.398438,1287
2551,0.398594,2056
2552,0.398750,3080
2553,0.398906,1799
2554,0.399062,3334
2555,0.399219,2823
2556,0.399375,3080
2557,0.399531,2823
2558,0.399687,2055
2559,0.399844,1288
2560,0.400000,1287
2561,0.400156,1287
2562,0.400313,2312
2563,0.400469,1287
2564,0.400625,3335
2565,0.400781,1287
2566,0.400938,1543
2567,0.401094,2312
2568,0.401250,776
2569,0.401406,775
2570,0.401562,3335
2571,0.401719,3079
2572,0.401875,775
2573,0.402031,3336
2574,0.402187,3079
2575,0.402344,2055
2576,0.402500,2824
2577,0.402656,2311
2578,0.402813,2312
2579,0.402969,2055
2580,0.403125,2312
2581,0.403281,1287
2582,0.403438,3079
2583,0.403594,3079
2584,0.403750,776
2585,0.403906,1288
2586,0.404062,2312
2587,0.404219,3079
2588,0.404375,3848
2589,0.404531,1288
2590,0.404687,3848
2591,0.404844,1031
2592,0.405000,3335
2593,0.405156,2312
2594,0.405313,1800
2595,0.405469,2823
2596,0.405625,1544
2597,0.405781,3848
2598,0.405938,2311
2599,0.406094,1031
2600,0.406250,2055
2601,0.406406,1032
2602,0.406562,1288
2603,0.406719,3336
2604,0.406875,3336
2605,0.407031,2055
2606,0.407187,3336
2607,0.407344,2311
2608,0.407500,3335
2609,0.407656,2823
2610,0.407813,775
2611,0.407969,775
2612,0.408125,3336
2613,0.408281,1799
2614,0.408438,2823
2615,0.408594,1543
2616,0.408750,1799
2617,0.408906,1799
2618,0.409062,2056
2619,0.409219,3079
2620,0.409375,1799
2621,0.409531,2312
2622,0.409687,1031
2623,0.409844,1288
2624,0.410000,2311
2625,0.410156,3336
2626,0.410313,3335
2627,0.410469,3336
2628,0.410625,3079
2629,0.410781,2824
2630,0.410938,3336
2631,0.411094,519
2632,0.411250,3336
2633,0.411406,3846
2634,0.411562,1287
2635,0.411719,3336
2636,0.411875,1798
2637,0.412031,1800
2638,0.412187,1287
2639,0.412344,1799
2640,0.412500,3335
2641,0.412656,2568
2642,0.412813,3336
2643,0.412969,3079
2644,0.413125,1288
2645,0.413281,3080
2646,0.413438,774
2647,0.413594,2311
2648,0.413750,1287
2649,0.413906,1799
2650,0.414062,3847
2651,0.414219,1287
2652,0.414375,2823
2653,0.414531,2312
2654,0.414687,2823
2655,0.414844,3079
2656,0.415000,2823
2657,0.415156,3335
2658,0.415312,775
2659,0.415469,3335
2660,0.415625,2311
2661,0.415781,775
2662,0.415938,1288
2663,0.416094,2311
2664,0.416250,2823
2665,0.416406,2824
2666,0.416563,3080
2667,0.416719,3336
2668,0.416875,519
2669,0.417031,2823
2670,0.417187,1287
2671,0.417344,3335
2672,0.417500,1799
2673,0.417656,3847
2674,0.417812,2823
2675,0.417969,775
2676,0.418125,2824
2677,0.418281,2310
2678,0.418438,1287
2679,0.418594,1032
2680,0.418750,2823
2681,0.418906,1031
2682,0.419063,3335
2683,0.419219,2824
2684,0.419375,2823
2685,0.419531,2311
2686,0.419687,263
2687,0.419844,2312
2688,0.420000,2055
2689,0.420156,3078
2690,0.420312,263
2691,0.420469,3592
2692,0.420625,2823
2693,0.420781,2311
2694,0.420938,3079
2695,0.421094,2311
2696,0.421250,2056
2697,0.421406,3335
2698,0.421563,2312
2699,0.421719,3080
2700,0.421875,2312
2701,0.422031,1287
2702,0.422187,3847
2703,0.422344,3336
2704,0.422500,2055
2705,0.422656,3334
2706,0.422812,3336
2707,0.422969,1031
2708,0.423125,3848
2709,0.423281,3848
2710,0.423438,774
2711,0.423594,2312
2712,0.423750,1287
2713,0.423906,2312
2714,0.424063,262
2715,0.424219,2311
2716,0.424375,776
2717,0.424531,3335
2718,0.424687,1288
2719,0.424844,2311
2720,0.425000,2055
2721,0.425156,3079
2722,0.425312,1287
2723,0.425469,3847
2724,0.425625,2054
2725,0.425781,1543
2726,0.425938,1799
2727,0.426094,2056
2728,0.426250,1288
2729,0.426406,2824
2730,0.426563,2311
2731,0.426719,3078
2732,0.426875,2055
2733,0.427031,3079
2734,0.427187,3848
2735,0.427344,2311
2736,0.427500,2568
2737,0.427656,3335
2738,0.427812,1287
2739,0.427969,2824
2740,0.428125,2311
2741,0.428281,3336
2742,0.428438,262
2743,0.428594,519
2744,0.428750,2311
2745,0.428906,3080
2746,0.429063,3335
2747,0.429219,2311
2748,0.429375,2311
2749,0.429531,775
2750,0.429688,1031
2751,0.429844,3336
2752,0.430000,1288
2753,0.430156,3590
2754,0.430312,2823
2755,0.430469,2311
2756,0.430625,1543
2757,0.430781,2823
2758,0.430937,1030
2759,0.431094,1032
2760,0.431250,1544
2761,0.431406,2055
2762,0.431563,3334
2763,0.431719,2823
2764,0.431875,2311
2765,0.432031,2311
2766,0.432188,1288
2767,0.432344,3590
2768,0.432500,2311
2769,0.432656,1542
2770,0.432812,2311
2771,0.432969,1287
2772,0.433125,2310
2773,0.433281,2311
2774,0.433437,3080
2775,0.433594,2056
2776,0.433750,775
2777,0.433906,9
2778,0.434063,1288
2779,0.434219,2312
2780,0.434375,1287
2781,0.434531,1799
2782,0.434688,1287
2783,0.434844,1031
2784,0.435000,2311
2785,0.435156,2824
2786,0.435312,1800
2787,0.435469,3847
2788,0.435625,2823
2789,0.435781,3335
2790,0.435937,3336
2791,0.436094,3080
2792,0.436250,3335
2793,0.436406,3335
2794,0.436563,3848
2795,0.436719,2311
2796,0.436875,1031
2797,0.437031,1287
2798,0.437188,1287
2799,0.437344,1032
2800,0.437500,2822
2801,0.437656,2311
2802,0.437812,1287
2803,0.437969,3847
2804,0.438125,1800
2805,0.438281,2567
2806,0.438437,2310
2807,0.438594,3335
2808,0.438750,3335
2809,0.438906,2824
2810,0.439063,2823
2811,0.439219,2311
2812,0.439375,1287
2813,0.439531,1543
2814,0.439688,775
2815,0.439844,1800
2816,0.440000,1288
2817,0.440156,2056
2818,0.440312,2312
2819,0.440469,3334
2820,0.440625,1032
2821,0.440781,263
2822,0.440937,1287
2823,0.441094,3336
2824,0.441250,3079
2825,0.441406,2311
2826,0.441563,3847
2827,0.441719,3335
2828,0.441875,2055
2829,0.442031,1032
2830,0.442188,3592
2831,0.442344,262
2832,0.442500,1800
2833,0.442656,1799
2834,0.442812,2055
2835,0.442969,3335
2836,0.443125,1287
2837,0.443281,2055
2838,0.443437,2056
2839,0.443594,1287
2840,0.443750,2055
2841,0.443906,2311
2842,0.444063,775
2843,0.444219,2311
2844,0.444375,3080
2845,0.444531,2823
2846,0.444688,3592
2847,0.444844,1288
2848,0.445000,3336
2849,0.445156,2311
2850,0.445312,3334
2851,0.445469,3335
2852,0.445625,2823
2853,0.445781,263
2854,0.445937,1799
2855,0.446094,1799
2856,0.446250,1287
2857,0.446406,3336
2858,0.446562,1031
2859,0.446719,1287
2860,0.446875,1799
2861,0.447031,2567
2862,0.447188,1287
2863,0.447344,2054
2864,0.447500,3335
2865,0.447656,3079
2866,0.447813,519
2867,0.447969,3335
2868,0.448125,775
2869,0.448281,1799
2870,0.448437,1544
2871,0.448594,1799
2872,0.448750,774
2873,0.448906,3080
2874,0.449062,3080
2875,0.449219,775
2876,0.449375,2824
2877,0.449531,2311
2878,0.449688,2312
2879,0.449844,1286
2880,0.450000,3336
2881,0.450156,777
2882,0.450313,3335
2883,0.450469,1799
2884,0.450625,1032
2885,0.450781,2311
2886,0.450937,2822
2887,0.451094,2311
2888,0.451250,2567
2889,0.451406,1799
2890,0.451562,2823
2891,0.451719,775
2892,0.451875,3336
2893,0.452031,3847
2894,0.452188,776
2895,0.452344,1799
2896,0.452500,1287
2897,0.452656,1288
2898,0.452813,2823
2899,0.452969,776
2900,0.453125,2823
2901,0.453281,1288
2902,0.453437,1288
2903,0.453594,1032
2904,0.453750,3592
2905,0.453906,1288
2906,0.454062,1799
2907,0.454219,1799
2908,0.454375,2823
2909,0.454531,2824
2910,0.454688,2311
2911,0.454844,1288
2912,0.455000,776
2913,0.455156,2824
2914,0.455313,263
2915,0.455469,1288
2916,0.455625,2311
2917,0.455781,2312
2918,0.455937,1288
2919,0.456094,2823
2920,0.456250,2311
2921,0.456406,3335
2922,0.456562,3336
2923,0.456719,1288
2924,0.456875,2310
2925,0.457031,2311
2926,0.457188,1032
2927,0.457344,3336
2928,0.457500,1032
2929,0.457656,3080
2930,0.457813,2055
2931,0.457969,2824
2932,0.458125,3846
2933,0.458281,1287
2934,0.458437,2311
2935,0.458594,2055
2936,0.458750,1031
2937,0.458906,3335
2938,0.459062,3847
2939,0.459219,3335
2940,0.459375,3336
2941,0.459531,1287
2942,0.459688,2824
2943,0.459844,2824
2944,0.460000,775
2945,0.460156,2823
2946,0.460313,263
2947,0.460469,1287
2948,0.460625,775
2949,0.460781,2311
2950,0.460938,775
2951,0.461094,1032
2952,0.461250,1030
2953,0.461406,2312
2954,0.461562,1030
2955,0.461719,3080
2956,0.461875,3335
2957,0.462031,3335
2958,0.462187,1287
2959,0.462344,2823
2960,0.462500,3336
2961,0.462656,3849
2962,0.462813,1288
2963,0.462969,1289
2964,0.463125,2055
2965,0.463281,3336
2966,0.463438,1288
2967,0.463594,264
2968,0.463750,3847
2969,0.463906,3591
2970,0.464062,1286
2971,0.464219,264
2972,0.464375,3335
2973,0.464531,3336
2974,0.464687,2056
2975,0.464844,1286
2976,0.465000,2055
2977,0.465156,3336
2978,0.465313,1798
2979,0.465469,775
2980,0.465625,1287
2981,0.465781,2056
2982,0.465938,263
2983,0.466094,2311
2984,0.466250,2822
2985,0.466406,1287
2986,0.466562,2823
2987,0.466719,1031
2988,0.466875,3336
2989,0.467031,2824
2990,0.467187,2824
2991,0.467344,775
2992,0.467500,2311
2993,0.467656,1031
2994,0.467813,2310
2995,0.467969,3848
2996,0.468125,2824
2997,0.468281,3080
2998,0.468438,3080
2999,0.468594,2310
3000,0.468750,1799
3001,0.468906,3335
3002,0.469062,1800
3003,0.469219,1800
3004,0.469375,2311
3005,0.469531,2311
3006,0.469687,1286
3007,0.469844,2823
3008,0.470000,2055
3009,0.470156,263
3010,0.470313,2057
3011,0.470469,776
3012,0.470625,2313
3013,0.470781,3080
3014,0.470938,1032
3015,0.471094,2056
3016,0.471250,2311
3017,0.471406,1799
3018,0.471562,1288
3019,0.471719,2311
3020,0.471875,2055
3021,0.472031,2310
3022,0.472187,775
3023,0.472344,1286
3024,0.472500,2823
3025,0.472656,2311
3026,0.472813,3592
3027,0.472969,775
3028,0.473125,2312
3029,0.473281,2823
3030,0.473438,3080
3031,0.473594,2823
3032,0.473750,775
3033,0.473906,3079
3034,0.474062,3335
3035,0.474219,2312
3036,0.474375,1799
3037,0.474531,3335
3038,0.474687,3335
3039,0.474844,3079
3040,0.475000,2824
3041,0.475156,2311
3042,0.475313,775
3043,0.475469,2311
3044,0.475625,2055
3045,0.475781,3847
3046,0.475938,2823
3047,0.476094,3847
3048,0.476250,1800
3049,0.476406,1799
3050,0.476562,1288
3051,0.476719,1031
3052,0.476875,2311
3053,0.477031,1287
3054,0.477187,1799
3055,0.477344,2312
3056,0.477500,2055
3057,0.477656,3335
3058,0.477812,1799
3059,0.477969,2312
3060,0.478125,3847
3061,0.478281,2311
3062,0.478438,2055
3063,0.478594,2055
3064,0.478750,3848
3065,0.478906,1288
3066,0.479063,2567
3067,0.479219,1031
3068,0.479375,3848
3069,0.479531,3847
3070,0.479687,1288
3071,0.479844,775
3072,0.480000,775
3073,0.480156,262
3074,0.480312,1288
3075,0.480469,3848
3076,0.480625,3081
3077,0.480781,1032
3078,0.480938,2311
3079,0.481094,1287
3080,0.481250,2056
3081,0.481406,2310
3082,0.481563,1287
3083,0.481719,3591
3084,0.481875,775
3085,0.482031,1029
3086,0.482187,263
3087,0.482344,1287
3088,0.482500,3335
3089,0.482656,3334
3090,0.482812,263
3091,0.482969,265
3092,0.483125,2824
3093,0.483281,1800
3094,0.483438,1799
3095,0.483594,263
3096,0.483750,2824
3097,0.483906,3848
3098,0.484063,2056
3099,0.484219,1285
3100,0.484375,775
3101,0.484531,1032
3102,0.484687,2311
3103,0.484844,3848
3104,0.485000,2312
3105,0.485156,2055
3106,0.485312,2312
3107,0.485469,1288
3108,0.485625,2822
3109,0.485781,2055
3110,0.485938,3336
3111,0.486094,1800
3112,0.486250,264
3113,0.486406,2824
3114,0.486563,2312
3115,0.486719,1286
3116,0.486875,3335
3117,0.487031,263
3118,0.487187,775
3119,0.487344,1799
3120,0.487500,262
3121,0.487656,2056
3122,0.487812,1030
3123,0.487969,3078
3124,0.488125,3334
3125,0.488281,2056
3126,0.488438,1289
3127,0.488594,2824
3128,0.488750,776
3129,0.488906,1799
3130,0.489063,3079
3131,0.489219,2822
3132,0.489375,264
3133,0.489531,2055
3134,0.489687,2310
3135,0.489844,1032
3136,0.490000,3080
3137,0.490156,262
3138,0.490312,3080
3139,0.490469,1800
3140,0.490625,3079
3141,0.490781,775
3142,0.490938,2312
3143,0.491094,1800
3144,0.491250,1799
3145,0.491406,3335
3146,0.491563,2823
3147,0.491719,2824
3148,0.491875,3079
3149,0.492031,1543
3150,0.492188,775
3151,0.492344,1287
3152,0.492500,1031
3153,0.492656,1288
3154,0.492812,3080
3155,0.492969,3335
3156,0.493125,2823
3157,0.493281,776
3158,0.493437,1030
3159,0.493594,3335
3160,0.493750,2567
3161,0.493906,1031
3162,0.494063,2056
3163,0.494219,262
3164,0.494375,2824
3165,0.494531,1287
3166,0.494688,2824
3167,0.494844,1799
3168,0.495000,1287
3169,0.495156,264
3170,0.495312,2823
3171,0.495469,3847
3172,0.495625,1031
3173,0.495781,1031
3174,0.495937,3079
3175,0.496094,1030
3176,0.496250,3335
3177,0.496406,2824
3178,0.496563,2056
3179,0.496719,1798
3180,0.496875,2568
3181,0.497031,3592
3182,0.497188,775
3183,0.497344,3079
3184,0.497500,2055
3185,0.497656,775
3186,0.497812,1287
3187,0.497969,776
3188,0.498125,3335
3189,0.498281,2311
3190,0.498437,2311
3191,0.498594,2312
3192,0.498750,2824
3193,0.498906,3335
3194,0.499063,1542
3195,0.499219,1031
3196,0.499375,3336
3197,0.499531,2055
